postalCode,Population,,,,,,,,
10028,46169,,,,,,,,
10128,62447,,,,,,,,
10075,24377,,,,,,,,
10025,97373,,,,,,,,
10023,60762,,,,,,,,
10040,45278,,,,,,,,
10026,38372,,,,,,,,
10162,1252,,,,,,,,
10021,42142,,,,,,,,
10030,29530,,,,,,,,
10005,7570,,,,,,,,
10009,61806,,,,,,,,
10033,60520,,,,,,,,
10003,57068,,,,,,,,
10029,77857,,,,,,,,
10016,50112,,,,,,,,
10002,79894,,,,,,,,
10031,58912,,,,,,,,
10456,91737,,,,,,,,
10032,59069,,,,,,,,
11109,4337,,,,,,,,
10453,79002,,,,,,,,
11372,63202,,,,,,,,
10065,31761,,,,,,,,
10011,52941,,,,,,,,
10010,30708,,,,,,,,
10012,24846,,,,,,,,
10452,75252,,,,,,,,
11226,98299,,,,,,,,
10458,76276,,,,,,,,
10027,63057,,,,,,,,
10038,20997,,,,,,,,
10024,59249,,,,,,,,
10037,18041,,,,,,,,
11104,26555,,,,,,,,
10022,29699,,,,,,,,
10282,5903,,,,,,,,
11225,59613,,,,,,,,
10457,71015,,,,,,,,
11219,98719,,,,,,,,
10468,72683,,,,,,,,
10472,69659,,,,,,,,
11373,100713,,,,,,,,
10280,8817,,,,,,,,
11221,83773,,,,,,,,
10459,48269,,,,,,,,
11216,54440,,,,,,,,
11206,83180,,,,,,,,
11213,62756,,,,,,,,
11212,87751,,,,,,,,
10019,38752,,,,,,,,
11220,101715,,,,,,,,
10455,39951,,,,,,,,
10039,25952,,,,,,,,
10014,31835,,,,,,,,
11237,55258,,,,,,,,
10036,24127,,,,,,,,
11103,38257,,,,,,,,
10069,5523,,,,,,,,
11218,75132,,,,,,,,
11233,69637,,,,,,,,
10462,76114,,,,,,,,
11217,38567,,,,,,,,
10017,16278,,,,,,,,
11204,80349,,,,,,,,
10044,12050,,,,,,,,
10013,26937,,,,,,,,
11355,83799,,,,,,,,
11230,87064,,,,,,,,
10451,47818,,,,,,,,
11238,51959,,,,,,,,
11205,43320,,,,,,,,
10463,71238,,,,,,,,
11374,41792,,,,,,,,
10460,58676,,,,,,,,
11106,38633,,,,,,,,
11102,35027,,,,,,,,
11419,48370,,,,,,,,
10467,99251,,,,,,,,
11368,110385,,,,,,,,
10007,6748,,,,,,,,
11210,67042,,,,,,,,
11214,88297,,,,,,,,
11211,94681,,,,,,,,
13024,1649,,,,,,,,
11201,56488,,,,,,,,
11416,25973,,,,,,,,
10034,42672,,,,,,,,
11369,39862,,,,,,,,
10454,38751,,,,,,,,
11223,76651,,,,,,,,
11229,81351,,,,,,,,
10001,22767,,,,,,,,
11435,54523,,,,,,,,
11203,77011,,,,,,,,
11375,69652,,,,,,,,
11207,93465,,,,,,,,
11377,88939,,,,,,,,
10466,69657,,,,,,,,
11209,72582,,,,,,,,
11415,19020,,,,,,,,
11421,42745,,,,,,,,
11549,2337,,,,,,,,
10006,2950,,,,,,,,
11215,70156,,,,,,,,
11228,46059,,,,,,,,
11235,75622,,,,,,,,
10469,72241,,,,,,,,
11432,62395,,,,,,,,
11417,31556,,,,,,,,
11385,100132,,,,,,,,
10473,59948,,,,,,,,
11224,42698,,,,,,,,
11236,97714,,,,,,,,
11208,92262,,,,,,,,
11354,56433,,,,,,,,
11370,36271,,,,,,,,
10018,8062,,,,,,,,
10035,34760,,,,,,,,
11428,20461,,,,,,,,
10475,44582,,,,,,,,
11433,37927,,,,,,,,
11420,50162,,,,,,,,
11231,34605,,,,,,,,
11436,18609,,,,,,,,
11232,29452,,,,,,,,
11412,37690,,,,,,,,
11423,32053,,,,,,,,
11105,36816,,,,,,,,
11418,36751,,,,,,,,
11239,12943,,,,,,,,
10461,52435,,,,,,,,
11691,62577,,,,,,,,
11222,34580,,,,,,,,
11429,27506,,,,,,,,
11434,65255,,,,,,,,
11358,37634,,,,,,,,
10550,37421,,,,,,,,
10601,11524,,,,,,,,
10705,39817,,,,,,,,
14627,2703,,,,,,,,
11379,35725,,,,,,,,
11365,43138,,,,,,,,
11361,30352,,,,,,,,
11692,17970,,,,,,,,
11411,19177,,,,,,,,
11367,41582,,,,,,,,
11422,32589,,,,,,,,
11694,21507,,,,,,,,
11356,23800,,,,,,,,
10302,18043,,,,,,,,
10308,29805,,,,,,,,
11427,23460,,,,,,,,
11004,14045,,,,,,,,
10553,10032,,,,,,,,
11357,40588,,,,,,,,
11426,19348,,,,,,,,
11364,34902,,,,,,,,
10701,59628,,,,,,,,
11360,19916,,,,,,,,
10310,24719,,,,,,,,
10465,46360,,,,,,,,
11550,57224,,,,,,,,
11413,41689,,,,,,,,
10552,20339,,,,,,,,
11001,27156,,,,,,,,
11414,28742,,,,,,,,
10801,41265,,,,,,,,
11794,3317,,,,,,,,
11366,13146,,,,,,,,
10703,20894,,,,,,,,
14201,12872,,,,,,,,
11378,30854,,,,,,,,
11005,2123,,,,,,,,
10503,172,,,,,,,,
14853,2883,,,,,,,,
10606,17293,,,,,,,,
11234,95610,,,,,,,,
11693,11338,,,,,,,,
14222,14519,,,,,,,,
10704,31198,,,,,,,,
12222,5966,,,,,,,,
10805,18898,,,,,,,,
10304,41864,,,,,,,,
10301,39367,,,,,,,,
11003,44907,,,,,,,,
11580,41525,,,,,,,,
11010,25054,,,,,,,,
10470,14880,,,,,,,,
14619,15237,,,,,,,,
12210,9147,,,,,,,,
14213,23468,,,,,,,,
10305,41471,,,,,,,,
12307,6951,,,,,,,,
13203,16437,,,,,,,,
14607,16159,,,,,,,,
11563,22984,,,,,,,,
14209,8597,,,,,,,,
11501,19155,,,,,,,,
11575,16674,,,,,,,,
11101,25317,,,,,,,,
11561,37599,,,,,,,,
11363,7625,,,,,,,,
13902,6172,,,,,,,,
11516,7513,,,,,,,,
11040,40799,,,,,,,,
10471,21935,,,,,,,,
14621,34576,,,,,,,,
10707,10525,,,,,,,,
14215,39786,,,,,,,,
11596,10638,,,,,,,,
10474,12223,,,,,,,,
11520,43632,,,,,,,,
14208,10918,,,,,,,,
11565,8820,,,,,,,,
14216,22203,,,,,,,,
10312,61105,,,,,,,,
14301,12965,,,,,,,,
11726,21102,,,,,,,,
10303,24348,,,,,,,,
11756,42321,,,,,,,,
10307,15006,,,,,,,,
11553,26506,,,,,,,,
14605,13737,,,,,,,,
11570,27896,,,,,,,,
12206,15757,,,,,,,,
11762,23053,,,,,,,,
11021,17478,,,,,,,,
10708,22497,,,,,,,,
10306,54888,,,,,,,,
11581,20956,,,,,,,,
14217,22911,,,,,,,,
11362,17897,,,,,,,,
11510,33430,,,,,,,,
10573,38656,,,,,,,,
14214,19743,,,,,,,,
11590,45972,,,,,,,,
11518,10065,,,,,,,,
14608,12377,,,,,,,,
12604,660,,,,,,,,
11507,7224,,,,,,,,
14223,22901,,,,,,,,
12308,15187,,,,,,,,
14613,12212,,,,,,,,
10709,9347,,,,,,,,
11710,35151,,,,,,,,
14220,24525,,,,,,,,
11757,44923,,,,,,,,
11552,22949,,,,,,,,
11598,12927,,,,,,,,
13210,27905,,,,,,,,
10314,87524,,,,,,,,
14611,17773,,,,,,,,
11801,39805,,,,,,,,
11554,37513,,,,,,,,
14207,23285,,,,,,,,
11783,21170,,,,,,,,
10927,12060,,,,,,,,
11514,5197,,,,,,,,
13202,5745,,,,,,,,
14212,10974,,,,,,,,
10803,12523,,,,,,,,
10710,27388,,,,,,,,
14620,25689,,,,,,,,
10119,92,,,,,,,,
11023,9955,,,,,,,,
12209,11844,,,,,,,,
11572,28901,,,,,,,,
14609,44103,,,,,,,,
10977,60650,,,,,,,,
13205,18788,,,,,,,,
10603,17924,,,,,,,,
11717,59449,,,,,,,,
10004,3024,,,,,,,,
11714,23313,,,,,,,,
13208,22490,,,,,,,,
11566,33791,,,,,,,,
10566,23875,,,,,,,,
11701,27423,,,,,,,,
14211,20885,,,,,,,,
11703,16249,,,,,,,,
11722,37181,,,,,,,,
12208,21417,,,,,,,,
14204,8905,,,,,,,,
10309,33382,,,,,,,,
11704,40685,,,,,,,,
14616,28638,,,,,,,,
11758,55900,,,,,,,,
11784,26312,,,,,,,,
11579,5336,,,,,,,,
10543,20250,,,,,,,,
14261,5680,,,,,,,,
11803,28445,,,,,,,,
11096,7884,,,,,,,,
10538,16803,,,,,,,,
10952,41619,,,,,,,,
10522,11001,,,,,,,,
13204,19984,,,,,,,,
14206,21670,,,,,,,,
11729,27409,,,,,,,,
13501,38464,,,,,,,,
10923,8705,,,,,,,,
14604,1651,,,,,,,,
10993,5069,,,,,,,,
11558,8646,,,,,,,,
13207,13352,,,,,,,,
11577,12788,,,,,,,,
11795,25536,,,,,,,,
14210,13787,,,,,,,,
14226,28593,,,,,,,,
14445,7892,,,,,,,,
14802,4260,,,,,,,,
14614,1136,,,,,,,,
13206,15997,,,,,,,,
11542,27691,,,,,,,,
12202,9066,,,,,,,,
11950,16969,,,,,,,,
11530,28155,,,,,,,,
10968,2301,,,,,,,,
11741,28651,,,,,,,,
11755,12329,,,,,,,,
10960,15637,,,,,,,,
11776,25675,,,,,,,,
11767,15259,,,,,,,,
11706,65865,,,,,,,,
11720,29374,,,,,,,,
12801,14574,,,,,,,,
10605,17671,,,,,,,,
11731,28969,,,,,,,,
10954,23678,,,,,,,,
11557,7364,,,,,,,,
11793,32710,,,,,,,,
14778,1388,,,,,,,,
11709,6724,,,,,,,,
10804,14850,,,,,,,,
10528,12720,,,,,,,,
11738,17643,,,,,,,,
11727,29987,,,,,,,,
12304,22537,,,,,,,,
11569,1284,,,,,,,,
10530,12431,,,,,,,,
11718,3117,,,,,,,,
11798,15362,,,,,,,,
10583,39510,,,,,,,,
11751,14679,,,,,,,,
12929,3778,,,,,,,,
14610,13679,,,,,,,,
12305,4923,,,,,,,,
11735,32499,,,,,,,,
13219,15318,,,,,,,,
11020,6120,,,,,,,,
10706,8734,,,,,,,,
10607,6727,,,,,,,,
11779,38733,,,,,,,,
11753,11657,,,,,,,,
14606,29076,,,,,,,,
13224,8767,,,,,,,,
11725,28646,,,,,,,,
14202,3570,,,,,,,,
11789,7659,,,,,,,,
12085,507,,,,,,,,
11746,68580,,,,,,,,
14617,22776,,,,,,,,
14168,111,,,,,,,,
10983,5727,,,,,,,,
14225,33228,,,,,,,,
12183,2612,,,,,,,,
14150,41908,,,,,,,,
14043,24267,,,,,,,,
13088,22012,,,,,,,,
11796,4012,,,,,,,,
10965,14878,,,,,,,,
11772,45262,,,,,,,,
13475,41,,,,,,,,
12189,17675,,,,,,,,
12203,30926,,,,,,,,
11782,15045,,,,,,,,
14615,15579,,,,,,,,
14227,22950,,,,,,,,
13116,3492,,,,,,,,
11742,13229,,,,,,,,
13495,2304,,,,,,,,
10532,4906,,,,,,,,
14904,15411,,,,,,,,
13410,255,,,,,,,,
11050,30583,,,,,,,,
11740,9507,,,,,,,,
11715,4335,,,,,,,,
11576,12325,,,,,,,,
11030,17295,,,,,,,,
10502,5396,,,,,,,,
11548,2328,,,,,,,,
11790,18627,,,,,,,,
11752,9351,,,,,,,,
14303,6073,,,,,,,,
14720,603,,,,,,,,
13214,8938,,,,,,,,
11732,3671,,,,,,,,
10596,1629,,,,,,,,
10523,8563,,,,,,,,
14221,54109,,,,,,,,
11787,36357,,,,,,,,
10517,756,,,,,,,,
11754,19201,,,,,,,,
10591,23037,,,,,,,,
13417,2925,,,,,,,,
12601,42608,,,,,,,,
11967,27115,,,,,,,,
12417,762,,,,,,,,
14218,18943,,,,,,,,
14618,21367,,,,,,,,
10562,31453,,,,,,,,
14626,29735,,,,,,,,
14905,9414,,,,,,,,
14622,12042,,,,,,,,
14112,85,,,,,,,,
11763,29217,,,,,,,,
12466,2180,,,,,,,,
10996,6892,,,,,,,,
14305,17249,,,,,,,,
11705,7571,,,,,,,,
10533,7484,,,,,,,,
10594,5201,,,,,,,,
14068,7131,,,,,,,,
13090,30295,,,,,,,,
13643,72,,,,,,,,
11509,2232,,,,,,,,
14224,40002,,,,,,,,
10976,2266,,,,,,,,
12047,20086,,,,,,,,
13603,10727,,,,,,,,
10580,17322,,,,,,,,
12303,29906,,,,,,,,
10984,3117,,,,,,,,
13212,20348,,,,,,,,
10570,12592,,,,,,,,
11791,25213,,,,,,,,
11024,7789,,,,,,,,
11788,16167,,,,,,,,
10956,31090,,,,,,,,
12903,1086,,,,,,,,
11713,9530,,,,,,,,
11697,4078,,,,,,,,
10989,10113,,,,,,,,
11769,8716,,,,,,,,
14302,25,,,,,,,,
14514,6719,,,,,,,,
14612,34668,,,,,,,,
11547,797,,,,,,,,
11804,5000,,,,,,,,
12205,27395,,,,,,,,
12309,29992,,,,,,,,
12130,1025,,,,,,,,
14109,813,,,,,,,,
11951,13401,,,,,,,,
10920,8682,,,,,,,,
11797,8645,,,,,,,,
11766,12718,,,,,,,,
10537,1952,,,,,,,,
12204,7277,,,,,,,,
11721,6482,,,,,,,,
11559,8402,,,,,,,,
13062,303,,,,,,,,
13103,575,,,,,,,,
13352,293,,,,,,,,
11934,7929,,,,,,,,
11778,12747,,,,,,,,
11739,1421,,,,,,,,
10511,2349,,,,,,,,
11702,14512,,,,,,,,
12550,54903,,,,,,,,
11749,3346,,,,,,,,
14504,1739,,,,,,,,
11730,14204,,,,,,,,
11747,19793,,,,,,,,
11743,43533,,,,,,,,
14219,10912,,,,,,,,
11777,9448,,,,,,,,
13211,6819,,,,,,,,
12110,21837,,,,,,,,
12211,11503,,,,,,,,
13321,1175,,,,,,,,
10604,11397,,,,,,,,
14585,69,,,,,,,,
10979,201,,,,,,,,
14228,21887,,,,,,,,
12508,19742,,,,,,,,
14120,44800,,,,,,,,
14623,26003,,,,,,,,
10913,5657,,,,,,,,
12603,43411,,,,,,,,
13461,3072,,,,,,,,
10547,6913,,,,,,,,
13319,1164,,,,,,,,
10548,3214,,,,,,,,
14722,430,,,,,,,,
10950,48838,,,,,,,,
14304,28605,,,,,,,,
14450,41414,,,,,,,,
10901,23195,,,,,,,,
14624,35918,,,,,,,,
14625,9990,,,,,,,,
11716,11134,,,,,,,,
12803,8093,,,,,,,,
10464,4532,,,,,,,,
11764,12969,,,,,,,,
14441,444,,,,,,,,
10595,8577,,,,,,,,
10588,2518,,,,,,,,
12207,1506,,,,,,,,
12456,690,,,,,,,,
14526,20609,,,,,,,,
11953,12688,,,,,,,,
14051,20133,,,,,,,,
12471,672,,,,,,,,
10505,785,,,,,,,,
14756,164,,,,,,,,
12084,4281,,,,,,,,
12065,42249,,,,,,,,
13157,718,,,,,,,,
14788,245,,,,,,,,
10915,168,,,,,,,,
14580,50946,,,,,,,,
14774,200,,,,,,,,
14592,187,,,,,,,,
10535,573,,,,,,,,
12054,17139,,,,,,,,
10589,9376,,,,,,,,
11545,12653,,,,,,,,
14588,259,,,,,,,,
14075,42837,,,,,,,,
10545,135,,,,,,,,
10994,6931,,,,,,,,
14539,225,,,,,,,,
14827,95,,,,,,,,
13677,240,,,,,,,,
12182,14937,,,,,,,,
13435,217,,,,,,,,
14169,320,,,,,,,,
12144,20244,,,,,,,,
10510,10391,,,,,,,,
11733,17065,,,,,,,,
10546,1149,,,,,,,,
13209,13047,,,,,,,,
14586,11452,,,,,,,,
10598,29699,,,,,,,,
13905,27543,,,,,,,,
12590,35148,,,,,,,,
10514,12915,,,,,,,,
14534,32399,,,,,,,,
10541,26355,,,,,,,,
12553,25395,,,,,,,,
14085,7167,,,,,,,,
11780,15099,,,,,,,,
12524,15984,,,,,,,,
12565,1450,,,,,,,,
14742,215,,,,,,,,
10507,7039,,,,,,,,
12180,53218,,,,,,,,
14026,712,,,,,,,,
14086,32159,,,,,,,,
11961,12041,,,,,,,,
13341,172,,,,,,,,
10577,6269,,,,,,,,
10962,5677,,,,,,,,
12177,596,,,,,,,,
11042,542,,,,,,,,
13628,211,,,,,,,,
11955,2780,,,,,,,,
13760,44585,,,,,,,,
10567,20197,,,,,,,,
14480,1166,,,,,,,,
14467,9784,,,,,,,,
11940,4982,,,,,,,,
11786,6550,,,,,,,,
12432,530,,,,,,,,
10520,13107,,,,,,,,
12449,3301,,,,,,,,
12527,134,,,,,,,,
12453,417,,,,,,,,
11946,13312,,,,,,,,
10992,9324,,,,,,,,
11560,6334,,,,,,,,
11768,21687,,,,,,,,
10549,16165,,,,,,,,
13413,16227,,,,,,,,
12188,11138,,,,,,,,
11970,466,,,,,,,,
13901,19006,,,,,,,,
13039,17759,,,,,,,,
13492,11710,,,,,,,,
10925,4300,,,,,,,,
13066,11809,,,,,,,,
10501,1073,,,,,,,,
12520,3042,,,,,,,,
13362,208,,,,,,,,
14126,685,,,,,,,,
11941,1929,,,,,,,,
13647,68,,,,,,,,
14752,185,,,,,,,,
14127,30329,,,,,,,,
10940,48512,,,,,,,,
10928,4029,,,,,,,,
14035,167,,,,,,,,
10933,797,,,,,,,,
14072,20580,,,,,,,,
12979,2433,,,,,,,,
12722,199,,,,,,,,
11792,8941,,,,,,,,
12150,842,,,,,,,,
11724,2853,,,,,,,,
12172,310,,,,,,,,
12574,352,,,,,,,,
10964,1711,,,,,,,,
10970,9716,,,,,,,,
14854,15,,,,,,,,
11771,9344,,,,,,,,
12302,27809,,,,,,,,
13163,342,,,,,,,,
10930,8938,,,,,,,,
13031,15345,,,,,,,,
12077,6481,,,,,,,,
14425,11415,,,,,,,,
13790,17858,,,,,,,,
10922,1406,,,,,,,,
13502,32415,,,,,,,,
13041,11023,,,,,,,,
12518,5889,,,,,,,,
12884,293,,,,,,,,
14092,11595,,,,,,,,
10926,3256,,,,,,,,
12306,25494,,,,,,,,
12401,34752,,,,,,,,
12198,7723,,,,,,,,
11944,4338,,,,,,,,
12159,7878,,,,,,,,
12504,1260,,,,,,,,
10980,13746,,,,,,,,
11719,3372,,,,,,,,
13051,129,,,,,,,,
11972,1295,,,,,,,,
14893,12,,,,,,,,
13138,21,,,,,,,,
13859,269,,,,,,,,
12533,25936,,,,,,,,
12866,37268,,,,,,,,
12538,13900,,,,,,,,
10917,1959,,,,,,,,
12027,3731,,,,,,,,
13057,14547,,,,,,,,
14850,65647,,,,,,,,
14031,9710,,,,,,,,
10921,4138,,,,,,,,
11901,30631,,,,,,,,
10590,7026,,,,,,,,
12586,12035,,,,,,,,
10509,19605,,,,,,,,
12411,475,,,,,,,,
12019,14893,,,,,,,,
14537,164,,,,,,,,
11948,1315,,,,,,,,
12061,9747,,,,,,,,
14048,14718,,,,,,,,
12804,26477,,,,,,,,
12008,480,,,,,,,,
14506,1374,,,,,,,,
11568,4240,,,,,,,,
13087,177,,,,,,,,
13134,39,,,,,,,,
10527,1156,,,,,,,,
12582,6165,,,,,,,,
13903,18735,,,,,,,,
14047,6596,,,,,,,,
14203,1751,,,,,,,,
13113,238,,,,,,,,
13102,27,,,,,,,,
14173,263,,,,,,,,
13027,31724,,,,,,,,
13215,15409,,,,,,,,
10526,1714,,,,,,,,
14901,17019,,,,,,,,
12118,14569,,,,,,,,
12472,1646,,,,,,,,
11977,2570,,,,,,,,
12933,12,,,,,,,,
14701,40232,,,,,,,,
10504,7885,,,,,,,,
11942,4092,,,,,,,,
10518,1505,,,,,,,,
14559,18336,,,,,,,,
13664,439,,,,,,,,
12901,32843,,,,,,,,
13838,4450,,,,,,,,
11963,6811,,,,,,,,
13850,22080,,,,,,,,
10512,25467,,,,,,,,
10173,2,,,,,,,,
10941,13572,,,,,,,,
12839,13784,,,,,,,,
11971,6376,,,,,,,,
12542,6088,,,,,,,,
13029,7506,,,,,,,,
14094,50605,,,,,,,,
13904,9626,,,,,,,,
11949,14340,,,,,,,,
12486,1461,,,,,,,,
12020,31729,,,,,,,,
13305,387,,,,,,,,
10919,1647,,,,,,,,
12771,14041,,,,,,,,
10165,2,,,,,,,,
13616,2184,,,,,,,,
14102,1494,,,,,,,,
12821,2178,,,,,,,,
14750,4309,,,,,,,,
10536,10725,,,,,,,,
11960,744,,,,,,,,
12045,325,,,,,,,,
13115,172,,,,,,,,
13440,42221,,,,,,,,
11980,4856,,,,,,,,
14059,9834,,,,,,,,
14006,9612,,,,,,,,
13602,3633,,,,,,,,
13162,637,,,,,,,,
11952,4518,,,,,,,,
12911,49,,,,,,,,
13357,11280,,,,,,,,
12196,3214,,,,,,,,
10918,11700,,,,,,,,
10199,9,,,,,,,,
12563,8106,,,,,,,,
12570,7533,,,,,,,,
13104,16266,,,,,,,,
14061,328,,,,,,,,
10924,13153,,,,,,,,
14564,14382,,,,,,,,
14420,20638,,,,,,,,
14032,7853,,,,,,,,
10578,589,,,,,,,,
13126,37190,,,,,,,,
12063,479,,,,,,,,
13421,14106,,,,,,,,
14020,23120,,,,,,,,
12482,729,,,,,,,,
10963,4219,,,,,,,,
11968,10718,,,,,,,,
13021,39326,,,,,,,,
14468,18271,,,,,,,,
13350,10080,,,,,,,,
12733,1666,,,,,,,,
12051,7030,,,,,,,,
10990,20029,,,,,,,,
14903,6805,,,,,,,,
10506,5303,,,,,,,,
12041,500,,,,,,,,
10597,1128,,,,,,,,
10974,3166,,,,,,,,
10103,3,,,,,,,,
12528,13066,,,,,,,,
10973,2646,,,,,,,,
13020,145,,,,,,,,
12589,18005,,,,,,,,
12561,18423,,,,,,,,
10988,947,,,,,,,,
12759,1910,,,,,,,,
12569,9990,,,,,,,,
12751,1154,,,,,,,,
14513,14001,,,,,,,,
13323,11238,,,,,,,,
13615,1114,,,,,,,,
12512,129,,,,,,,,
11935,3263,,,,,,,,
14063,14555,,,,,,,,
13748,3907,,,,,,,,
13692,78,,,,,,,,
14502,10698,,,,,,,,
12033,7886,,,,,,,,
13469,1163,,,,,,,,
14519,11594,,,,,,,,
11556,17,,,,,,,,
12477,18797,,,,,,,,
14760,18208,,,,,,,,
12549,11138,,,,,,,,
13030,3792,,,,,,,,
13784,132,,,,,,,,
13045,30009,,,,,,,,
12547,2947,,,,,,,,
13403,7579,,,,,,,,
14052,17072,,,,,,,,
14568,6465,,,,,,,,
12124,718,,,,,,,,
10579,9264,,,,,,,,
11765,745,,,,,,,,
13601,38348,,,,,,,,
14856,100,,,,,,,,
12143,5104,,,,,,,,
12148,4428,,,,,,,,
14845,20961,,,,,,,,
13078,10273,,,,,,,,
12754,6952,,,,,,,,
12831,17614,,,,,,,,
12089,140,,,,,,,,
12515,1284,,,,,,,,
14004,12284,,,,,,,,
14456,19865,,,,,,,,
12577,1526,,,,,,,,
12151,684,,,,,,,,
12543,3035,,,,,,,,
12872,76,,,,,,,,
14132,6933,,,,,,,,
13313,555,,,,,,,,
12086,1503,,,,,,,,
13732,8101,,,,,,,,
13424,2663,,,,,,,,
12779,2109,,,,,,,,
10519,181,,,,,,,,
11770,102,,,,,,,,
14464,7272,,,,,,,,
11937,15446,,,,,,,,
13069,25297,,,,,,,,
13164,2448,,,,,,,,
12721,5743,,,,,,,,
11978,2963,,,,,,,,
11956,298,,,,,,,,
14814,1984,,,,,,,,
12548,1352,,,,,,,,
12540,7634,,,,,,,,
13108,6460,,,,,,,,
10932,33,,,,,,,,
14881,271,,,,,,,,
12498,4800,,,,,,,,
14454,11124,,,,,,,,
12174,251,,,,,,,,
14529,85,,,,,,,,
14830,19679,,,,,,,,
12010,28926,,,,,,,,
10916,4374,,,,,,,,
14479,319,,,,,,,,
14130,234,,,,,,,,
12158,6775,,,,,,,,
12078,24072,,,,,,,,
10560,4742,,,,,,,,
12069,147,,,,,,,,
11947,138,,,,,,,,
13135,6990,,,,,,,,
13820,22746,,,,,,,,
14424,26862,,,,,,,,
11933,6358,,,,,,,,
12460,434,,,,,,,,
14108,5686,,,,,,,,
12161,87,,,,,,,,
12490,110,,,,,,,,
13037,8549,,,,,,,,
10524,4402,,,,,,,,
12580,4539,,,,,,,,
10170,2,,,,,,,,
10171,1,,,,,,,,
10576,4842,,,,,,,,
12849,564,,,,,,,,
11959,877,,,,,,,,
14174,5683,,,,,,,,
12443,3710,,,,,,,,
12487,3243,,,,,,,,
12513,596,,,,,,,,
12534,17846,,,,,,,,
13674,118,,,,,,,,
12015,2789,,,,,,,,
12095,12166,,,,,,,,
13638,260,,,,,,,,
14522,9288,,,,,,,,
13678,163,,,,,,,,
13082,4735,,,,,,,,
12186,6266,,,,,,,,
12475,240,,,,,,,,
12828,9291,,,,,,,,
13153,174,,,,,,,,
12575,1970,,,,,,,,
12566,10596,,,,,,,,
12491,1799,,,,,,,,
12583,2524,,,,,,,,
14170,2370,,,,,,,,
12977,1733,,,,,,,,
12789,1855,,,,,,,,
14472,8308,,,,,,,,
12531,3492,,,,,,,,
12775,2180,,,,,,,,
14555,1182,,,,,,,,
14136,5109,,,,,,,,
12701,10917,,,,,,,,
12419,446,,,,,,,,
14892,8000,,,,,,,,
12863,655,,,,,,,,
12585,901,,,,,,,,
14414,7062,,,,,,,,
13795,3638,,,,,,,,
13117,143,,,,,,,,
13662,16692,,,,,,,,
12564,7224,,,,,,,,
12140,1461,,,,,,,,
12184,6851,,,,,,,,
12571,10191,,,,,,,,
12414,10463,,,,,,,,
12974,1393,,,,,,,,
12018,7919,,,,,,,,
14589,7573,,,,,,,,
14870,10647,,,,,,,,
10986,1887,,,,,,,,
12572,8859,,,,,,,,
13036,8465,,,,,,,,
10914,421,,,,,,,,
14057,8241,,,,,,,,
12594,4180,,,,,,,,
14716,3100,,,,,,,,
13148,10647,,,,,,,,
12451,1986,,,,,,,,
13346,6457,,,,,,,,
14487,5539,,,,,,,,
10516,5327,,,,,,,,
14432,6304,,,,,,,,
12106,2380,,,,,,,,
13032,13230,,,,,,,,
13612,2904,,,,,,,,
14511,379,,,,,,,,
12413,2645,,,,,,,,
13076,2451,,,,,,,,
12123,5293,,,,,,,,
13165,10919,,,,,,,,
12170,4894,,,,,,,,
11976,2301,,,,,,,,
12530,55,,,,,,,,
13669,16436,,,,,,,,
13641,49,,,,,,,,
14733,4352,,,,,,,,
13314,606,,,,,,,,
14428,8003,,,,,,,,
13060,2461,,,,,,,,
13845,60,,,,,,,,
13655,3414,,,,,,,,
12489,943,,,,,,,,
13456,4246,,,,,,,,
12578,2372,,,,,,,,
12025,5471,,,,,,,,
14011,9957,,,,,,,,
14475,227,,,,,,,,
10969,1665,,,,,,,,
14001,9790,,,,,,,,
14025,3210,,,,,,,,
10998,2699,,,,,,,,
12037,4416,,,,,,,,
13132,3420,,,,,,,,
14808,475,,,,,,,,
14482,8265,,,,,,,,
10931,908,,,,,,,,
14546,4843,,,,,,,,
12871,4282,,,,,,,,
14865,2787,,,,,,,,
12787,490,,,,,,,,
14135,143,,,,,,,,
12962,6009,,,,,,,,
12516,2168,,,,,,,,
13476,2931,,,,,,,,
12956,1260,,,,,,,,
12009,7264,,,,,,,,
12522,5159,,,,,,,,
12043,8396,,,,,,,,
14548,4056,,,,,,,,
12420,569,,,,,,,,
12742,290,,,,,,,,
12864,28,,,,,,,,
13340,7788,,,,,,,,
13166,5565,,,,,,,,
14712,3483,,,,,,,,
14103,10728,,,,,,,,
12507,200,,,,,,,,
14707,261,,,,,,,,
14478,1535,,,,,,,,
14134,111,,,,,,,,
13080,3997,,,,,,,,
14485,4609,,,,,,,,
14033,2252,,,,,,,,
14551,5693,,,,,,,,
12070,1607,,,,,,,,
14843,13052,,,,,,,,
13815,13896,,,,,,,,
14744,2265,,,,,,,,
13053,4283,,,,,,,,
14411,14493,,,,,,,,
10958,2929,,,,,,,,
14041,295,,,,,,,,
14505,5050,,,,,,,,
12132,235,,,,,,,,
13152,8178,,,,,,,,
12433,493,,,,,,,,
13827,11649,,,,,,,,
13120,2162,,,,,,,,
12035,798,,,,,,,,
12056,2319,,,,,,,,
11939,932,,,,,,,,
14034,3205,,,,,,,,
14543,3174,,,,,,,,
14470,7930,,,,,,,,
12428,6709,,,,,,,,
13490,1446,,,,,,,,
12788,2885,,,,,,,,
12514,3273,,,,,,,,
12192,2089,,,,,,,,
12484,2884,,,,,,,,
13623,48,,,,,,,,
13834,47,,,,,,,,
12525,2882,,,,,,,,
14545,173,,,,,,,,
12978,315,,,,,,,,
13833,4309,,,,,,,,
12747,1722,,,,,,,,
12745,192,,,,,,,,
13073,6520,,,,,,,,
12838,601,,,,,,,,
14882,3939,,,,,,,,
14070,6050,,,,,,,,
12526,3763,,,,,,,,
14172,3104,,,,,,,,
12833,4111,,,,,,,,
14894,1311,,,,,,,,
12483,385,,,,,,,,
12438,55,,,,,,,,
14816,442,,,,,,,,
13145,1909,,,,,,,,
12749,337,,,,,,,,
12176,385,,,,,,,,
14131,4828,,,,,,,,
13637,3945,,,,,,,,
13363,2375,,,,,,,,
13794,80,,,,,,,,
13035,8543,,,,,,,,
13744,1284,,,,,,,,
13068,5697,,,,,,,,
13777,664,,,,,,,,
10953,123,,,,,,,,
14067,5456,,,,,,,,
14787,5030,,,,,,,,
12845,4864,,,,,,,,
14141,7684,,,,,,,,
14530,5392,,,,,,,,
12090,6175,,,,,,,,
12859,2368,,,,,,,,
14466,1844,,,,,,,,
13634,4879,,,,,,,,
12404,3835,,,,,,,,
14489,7261,,,,,,,,
13114,6761,,,,,,,,
13774,317,,,,,,,,
14769,964,,,,,,,,
14125,3765,,,,,,,,
13074,4467,,,,,,,,
13676,16728,,,,,,,,
11964,2048,,,,,,,,
14532,4235,,,,,,,,
14810,12444,,,,,,,,
13685,2306,,,,,,,,
13112,2200,,,,,,,,
13160,2167,,,,,,,,
13408,3834,,,,,,,,
14028,1423,,,,,,,,
12458,3281,,,,,,,,
12040,132,,,,,,,,
14872,650,,,,,,,,
12790,4671,,,,,,,,
12173,1731,,,,,,,,
13607,1810,,,,,,,,
13084,4303,,,,,,,,
12975,281,,,,,,,,
14469,6500,,,,,,,,
12738,650,,,,,,,,
12791,646,,,,,,,,
12157,4272,,,,,,,,
10110,1,,,,,,,,
13776,551,,,,,,,,
14471,2628,,,,,,,,
12729,2183,,,,,,,,
11954,3471,,,,,,,,
12485,822,,,,,,,,
14416,3606,,,,,,,,
13619,10706,,,,,,,,
14871,5561,,,,,,,,
13407,5280,,,,,,,,
13428,1530,,,,,,,,
11932,1008,,,,,,,,
12068,3006,,,,,,,,
14111,3456,,,,,,,,
14527,12923,,,,,,,,
14423,4828,,,,,,,,
12746,1376,,,,,,,,
14770,2836,,,,,,,,
13861,419,,,,,,,,
12412,574,,,,,,,,
14036,5119,,,,,,,,
13110,2313,,,,,,,,
13077,6673,,,,,,,,
14541,4634,,,,,,,,
12822,6287,,,,,,,,
14886,7236,,,,,,,,
12463,1006,,,,,,,,
13425,2348,,,,,,,,
13668,3484,,,,,,,,
14437,11314,,,,,,,,
13304,1600,,,,,,,,
12473,1363,,,,,,,,
13802,912,,,,,,,,
12024,94,,,,,,,,
11930,1565,,,,,,,,
14476,2229,,,,,,,,
14105,4247,,,,,,,,
12195,175,,,,,,,,
13636,286,,,,,,,,
11958,366,,,,,,,,
13167,3056,,,,,,,,
14891,4655,,,,,,,,
13477,1802,,,,,,,,
11975,359,,,,,,,,
12185,2180,,,,,,,,
12481,1119,,,,,,,,
14864,1107,,,,,,,,
12094,2550,,,,,,,,
12792,300,,,,,,,,
14030,1767,,,,,,,,
13606,3101,,,,,,,,
14081,3167,,,,,,,,
12501,2710,,,,,,,,
12780,2152,,,,,,,,
13624,5636,,,,,,,,
14517,2989,,,,,,,,
12461,2088,,,,,,,,
13617,11243,,,,,,,,
12545,4764,,,,,,,,
14069,738,,,,,,,,
12431,1338,,,,,,,,
14895,9802,,,,,,,,
14867,5738,,,,,,,,
12440,2008,,,,,,,,
14139,2028,,,,,,,,
10987,3279,,,,,,,,
14550,1764,,,,,,,,
14080,4467,,,,,,,,
13806,260,,,,,,,,
13044,2352,,,,,,,,
13328,1328,,,,,,,,
12083,3639,,,,,,,,
12748,1825,,,,,,,,
13042,2799,,,,,,,,
14042,3783,,,,,,,,
12765,1033,,,,,,,,
12465,238,,,,,,,,
13142,6141,,,,,,,,
12832,6624,,,,,,,,
12058,1586,,,,,,,,
12781,346,,,,,,,,
13317,3787,,,,,,,,
14569,6216,,,,,,,,
12823,351,,,,,,,,
13140,4353,,,,,,,,
14516,2429,,,,,,,,
13404,237,,,,,,,,
14040,2365,,,,,,,,
12752,150,,,,,,,,
12423,1016,,,,,,,,
12125,1434,,,,,,,,
14544,2247,,,,,,,,
14477,2089,,,,,,,,
14706,6294,,,,,,,,
12075,3120,,,,,,,,
14435,2894,,,,,,,,
13746,2216,,,,,,,,
14481,1865,,,,,,,,
12523,1725,,,,,,,,
12074,2849,,,,,,,,
12137,1901,,,,,,,,
13751,156,,,,,,,,
12405,558,,,,,,,,
13123,184,,,,,,,,
12972,6448,,,,,,,,
13862,4531,,,,,,,,
13478,2750,,,,,,,,
13028,1452,,,,,,,,
13034,1857,,,,,,,,
14757,3520,,,,,,,,
13409,2611,,,,,,,,
14590,5199,,,,,,,,
13308,2973,,,,,,,,
13322,919,,,,,,,,
14012,2515,,,,,,,,
12844,206,,,,,,,,
12117,3426,,,,,,,,
12919,2903,,,,,,,,
12961,298,,,,,,,,
14009,5532,,,,,,,,
14143,1076,,,,,,,,
12121,1739,,,,,,,,
12992,4697,,,,,,,,
12053,4605,,,,,,,,
13734,2703,,,,,,,,
12953,15679,,,,,,,,
13675,89,,,,,,,,
14521,2755,,,,,,,,
13310,555,,,,,,,,
12719,1275,,,,,,,,
13329,3837,,,,,,,,
12067,1551,,,,,,,,
14427,2202,,,,,,,,
14874,166,,,,,,,,
14422,2432,,,,,,,,
12834,6243,,,,,,,,
13812,2299,,,,,,,,
12783,2425,,,,,,,,
6390,296,,,,,,,,
12921,2328,,,,,,,,
13651,185,,,,,,,,
14572,5228,,,,,,,,
13156,2162,,,,,,,,
14710,3359,,,,,,,,
13131,3682,,,,,,,,
13694,1581,,,,,,,,
12154,2961,,,,,,,,
12837,1032,,,,,,,,
13054,1536,,,,,,,,
14837,5569,,,,,,,,
12816,4329,,,,,,,,
12446,4633,,,,,,,,
13101,2648,,,,,,,,
13159,5357,,,,,,,,
13365,9134,,,,,,,,
12887,5695,,,,,,,,
14510,4700,,,,,,,,
14098,3079,,,,,,,,
11965,621,,,,,,,,
12809,3461,,,,,,,,
14869,1343,,,,,,,,
13811,4228,,,,,,,,
11931,36,,,,,,,,
12850,3137,,,,,,,,
14718,2195,,,,,,,,
13143,2870,,,,,,,,
12723,2090,,,,,,,,
14715,2816,,,,,,,,
13743,3794,,,,,,,,
13730,3185,,,,,,,,
12546,2960,,,,,,,,
13026,1799,,,,,,,,
13673,2228,,,,,,,,
12059,1698,,,,,,,,
12156,955,,,,,,,,
13480,3419,,,,,,,,
13033,3939,,,,,,,,
12824,991,,,,,,,,
13354,3294,,,,,,,,
12592,1196,,,,,,,,
13797,2109,,,,,,,,
12567,2928,,,,,,,,
11962,452,,,,,,,,
12785,1095,,,,,,,,
12885,4595,,,,,,,,
13339,6784,,,,,,,,
13825,3522,,,,,,,,
14433,4121,,,,,,,,
14561,3209,,,,,,,,
13402,1576,,,,,,,,
13406,674,,,,,,,,
12883,5020,,,,,,,,
13118,6288,,,,,,,,
12066,2120,,,,,,,,
13778,5922,,,,,,,,
13122,1136,,,,,,,,
14525,2772,,,,,,,,
14005,2032,,,,,,,,
12429,128,,,,,,,,
12057,2130,,,,,,,,
13753,5710,,,,,,,,
14860,1270,,,,,,,,
13796,1357,,,,,,,,
14732,135,,,,,,,,
13605,4907,,,,,,,,
13667,3017,,,,,,,,
13452,4645,,,,,,,,
12517,631,,,,,,,,
12918,2389,,,,,,,,
12766,482,,,,,,,,
14825,1007,,,,,,,,
14838,2160,,,,,,,,
14571,1123,,,,,,,,
12160,1058,,,,,,,,
13841,730,,,,,,,,
13460,4213,,,,,,,,
14847,2282,,,,,,,,
12092,884,,,,,,,,
13733,5332,,,,,,,,
12115,304,,,,,,,,
12165,188,,,,,,,,
13849,3893,,,,,,,,
14779,6629,,,,,,,,
12762,395,,,,,,,,
13326,5545,,,,,,,,
14740,1496,,,,,,,,
12062,1677,,,,,,,,
13865,6373,,,,,,,,
14533,1826,,,,,,,,
13809,1706,,,,,,,,
13345,280,,,,,,,,
13111,1496,,,,,,,,
14883,4056,,,,,,,,
12167,2561,,,,,,,,
13842,702,,,,,,,,
12846,3289,,,,,,,,
12072,2697,,,,,,,,
12168,1937,,,,,,,,
13787,3543,,,,,,,,
14738,3641,,,,,,,,
14772,4087,,,,,,,,
14058,2190,,,,,,,,
12470,537,,,,,,,,
10975,328,,,,,,,,
12939,227,,,,,,,,
14821,2967,,,,,,,,
13063,1901,,,,,,,,
10985,14,,,,,,,,
12029,1105,,,,,,,,
13332,2672,,,,,,,,
12737,2062,,,,,,,,
14145,1522,,,,,,,,
14726,2193,,,,,,,,
13431,1995,,,,,,,,
12916,2225,,,,,,,,
13826,58,,,,,,,,
12811,92,,,,,,,,
12865,3876,,,,,,,,
13642,9849,,,,,,,,
12957,1702,,,,,,,,
14817,2151,,,,,,,,
12457,743,,,,,,,,
12734,728,,,,,,,,
14840,3110,,,,,,,,
12937,1723,,,,,,,,
13092,2527,,,,,,,,
14747,2261,,,,,,,,
14801,5638,,,,,,,,
13491,3741,,,,,,,,
13863,793,,,,,,,,
12770,245,,,,,,,,
14879,2231,,,,,,,,
12149,2415,,,,,,,,
14008,1295,,,,,,,,
14091,1078,,,,,,,,
13334,1498,,,,,,,,
14101,2171,,,,,,,,
13807,1217,,,,,,,,
13411,3453,,,,,,,,
13622,2980,,,,,,,,
12860,815,,,,,,,,
13780,1111,,,,,,,,
14462,594,,,,,,,,
12116,1949,,,,,,,,
12958,1843,,,,,,,,
14037,855,,,,,,,,
12763,709,,,,,,,,
14711,1976,,,,,,,,
12193,1915,,,,,,,,
14065,1825,,,,,,,,
14782,2680,,,,,,,,
12724,368,,,,,,,,
13468,475,,,,,,,,
14842,808,,,,,,,,
14054,1189,,,,,,,,
12944,4386,,,,,,,,
14486,268,,,,,,,,
14138,2250,,,,,,,,
12965,454,,,,,,,,
12581,1936,,,,,,,,
14727,5161,,,,,,,,
12052,1477,,,,,,,,
12767,140,,,,,,,,
14858,1713,,,,,,,,
13144,1839,,,,,,,,
12960,1443,,,,,,,,
13318,1190,,,,,,,,
14167,1765,,,,,,,,
13141,616,,,,,,,,
14815,870,,,,,,,,
14823,3617,,,,,,,,
14560,1860,,,,,,,,
12409,673,,,,,,,,
14512,4765,,,,,,,,
14841,909,,,,,,,,
13803,4153,,,,,,,,
14039,86,,,,,,,,
14129,1436,,,,,,,,
13614,412,,,,,,,,
14736,240,,,,,,,,
14062,3311,,,,,,,,
13416,2385,,,,,,,,
12493,313,,,,,,,,
14055,1461,,,,,,,,
13830,5020,,,,,,,,
13433,2000,,,,,,,,
13620,2101,,,,,,,,
12028,1024,,,,,,,,
14549,5,,,,,,,,
12087,886,,,,,,,,
12046,772,,,,,,,,
12521,1470,,,,,,,,
13061,1193,,,,,,,,
13754,3561,,,,,,,,
12726,1312,,,,,,,,
13450,104,,,,,,,,
12913,1280,,,,,,,,
14743,1890,,,,,,,,
14812,3369,,,,,,,,
13438,3821,,,,,,,,
14748,793,,,,,,,,
12153,786,,,,,,,,
13335,1650,,,,,,,,
14809,2413,,,,,,,,
12448,514,,,,,,,,
13804,657,,,,,,,,
14777,656,,,,,,,,
14818,1598,,,,,,,,
13786,664,,,,,,,,
13654,3000,,,,,,,,
14013,1732,,,,,,,,
12817,2358,,,,,,,,
13439,3655,,,,,,,,
13418,220,,,,,,,,
14415,61,,,,,,,,
14813,2559,,,,,,,,
14755,3120,,,,,,,,
12503,874,,,,,,,,
13864,1096,,,,,,,,
13316,6655,,,,,,,,
12924,114,,,,,,,,
14807,2764,,,,,,,,
12407,137,,,,,,,,
13309,5940,,,,,,,,
14775,2284,,,,,,,,
13459,2069,,,,,,,,
12122,4372,,,,,,,,
12926,1954,,,,,,,,
12138,3247,,,,,,,,
12120,700,,,,,,,,
13071,989,,,,,,,,
12959,1532,,,,,,,,
14507,1292,,,,,,,,
12987,244,,,,,,,,
14171,2005,,,,,,,,
13691,2948,,,,,,,,
12966,3352,,,,,,,,
12439,303,,,,,,,,
14591,1552,,,,,,,,
12946,5124,,,,,,,,
14873,2832,,,,,,,,
12060,1324,,,,,,,,
13147,1372,,,,,,,,
14803,956,,,,,,,,
12197,2560,,,,,,,,
14861,1305,,,,,,,,
14767,2021,,,,,,,,
12529,2515,,,,,,,,
14836,1127,,,,,,,,
12941,1530,,,,,,,,
12136,682,,,,,,,,
13608,1502,,,,,,,,
13364,110,,,,,,,,
13660,2019,,,,,,,,
13146,2036,,,,,,,,
13736,2252,,,,,,,,
14826,2264,,,,,,,,
13808,1362,,,,,,,,
14719,3501,,,,,,,,
13843,2007,,,,,,,,
12996,1905,,,,,,,,
14878,590,,,,,,,,
13680,1301,,,,,,,,
13081,1062,,,,,,,,
14418,1371,,,,,,,,
12023,2120,,,,,,,,
13471,3442,,,,,,,,
14113,620,,,,,,,,
12741,304,,,,,,,,
12434,515,,,,,,,,
12042,158,,,,,,,,
12778,211,,,,,,,,
10020,1,,,,,,,,
12967,1361,,,,,,,,
14737,3997,,,,,,,,
12169,346,,,,,,,,
14897,921,,,,,,,,
14741,2218,,,,,,,,
14855,1002,,,,,,,,
14889,1594,,,,,,,,
13052,1745,,,,,,,,
12494,662,,,,,,,,
13844,847,,,,,,,,
12031,114,,,,,,,,
13484,89,,,,,,,,
12175,770,,,,,,,,
13856,6570,,,,,,,,
14898,2021,,,,,,,,
12496,1632,,,,,,,,
13775,1841,,,,,,,,
12983,7958,,,,,,,,
12064,392,,,,,,,,
13303,1213,,,,,,,,
14739,2699,,,,,,,,
13337,634,,,,,,,,
14754,565,,,,,,,,
13625,1920,,,,,,,,
12155,1934,,,,,,,,
13696,63,,,,,,,,
13302,1551,,,,,,,,
13656,2895,,,,,,,,
13618,1795,,,,,,,,
13361,955,,,,,,,,
12502,1114,,,,,,,,
14805,944,,,,,,,,
12474,1467,,,,,,,,
14724,2486,,,,,,,,
13846,271,,,,,,,,
13661,1676,,,,,,,,
12736,201,,,,,,,,
13650,1433,,,,,,,,
13333,56,,,,,,,,
12914,1053,,,,,,,,
11957,713,,,,,,,,
13665,1413,,,,,,,,
12436,500,,,,,,,,
12814,1477,,,,,,,,
12495,294,,,,,,,,
12998,391,,,,,,,,
13348,1188,,,,,,,,
14082,322,,,,,,,,
13343,1830,,,,,,,,
14709,1617,,,,,,,,
13750,858,,,,,,,,
14735,2627,,,,,,,,
13835,1326,,,,,,,,
13155,643,,,,,,,,
14542,58,,,,,,,,
12910,2046,,,,,,,,
14806,2149,,,,,,,,
14536,568,,,,,,,,
13697,2009,,,,,,,,
12732,787,,,,,,,,
13839,1214,,,,,,,,
12147,603,,,,,,,,
13483,212,,,,,,,,
14781,2181,,,,,,,,
14731,1374,,,,,,,,
12920,2813,,,,,,,,
14728,801,,,,,,,,
12166,1314,,,,,,,,
14804,1662,,,,,,,,
14060,531,,,,,,,,
12827,3705,,,,,,,,
12418,408,,,,,,,,
13788,1042,,,,,,,,
13757,1098,,,,,,,,
12758,4529,,,,,,,,
13315,1450,,,,,,,,
13083,1704,,,,,,,,
12022,944,,,,,,,,
14824,654,,,,,,,,
12743,252,,,,,,,,
13682,896,,,,,,,,
14822,1415,,,,,,,,
13464,1093,,,,,,,,
13613,2385,,,,,,,,
14066,1149,,,,,,,,
12873,598,,,,,,,,
13368,1307,,,,,,,,
12917,1198,,,,,,,,
13652,1864,,,,,,,,
12071,255,,,,,,,,
12452,237,,,,,,,,
13355,802,,,,,,,,
13810,1104,,,,,,,,
12093,1812,,,,,,,,
12435,274,,,,,,,,
12036,202,,,,,,,,
13301,71,,,,,,,,
13630,1318,,,,,,,,
12007,33,,,,,,,,
12459,205,,,,,,,,
13679,1810,,,,,,,,
13320,2064,,,,,,,,
14024,1700,,,,,,,,
12815,1056,,,,,,,,
14723,1149,,,,,,,,
12442,881,,,,,,,,
12750,118,,,,,,,,
12764,1607,,,,,,,,
14784,766,,,,,,,,
12454,292,,,,,,,,
12430,1034,,,,,,,,
13493,2034,,,,,,,,
13040,2482,,,,,,,,
14859,800,,,,,,,,
14714,464,,,,,,,,
12455,1978,,,,,,,,
13693,534,,,,,,,,
13658,1979,,,,,,,,
14708,264,,,,,,,,
12444,386,,,,,,,,
13136,464,,,,,,,,
12740,1867,,,,,,,,
12986,6176,,,,,,,,
12468,1077,,,,,,,,
12981,2612,,,,,,,,
13832,673,,,,,,,,
12930,875,,,,,,,,
12928,1843,,,,,,,,
13681,823,,,,,,,,
14729,853,,,,,,,,
12422,244,,,,,,,,
12835,2353,,,,,,,,
12985,1315,,,,,,,,
13342,188,,,,,,,,
13158,1676,,,,,,,,
13124,109,,,,,,,,
11430,171,,,,,,,,
14880,1272,,,,,,,,
13646,2681,,,,,,,,
13640,288,,,,,,,,
14846,785,,,,,,,,
12187,522,,,,,,,,
13739,911,,,,,,,,
12784,51,,,,,,,,
13485,994,,,,,,,,
12993,1619,,,,,,,,
13813,629,,,,,,,,
14717,602,,,,,,,,
12464,963,,,,,,,,
13626,2147,,,,,,,,
12768,758,,,,,,,,
14820,655,,,,,,,,
12932,1357,,,,,,,,
13755,1287,,,,,,,,
12421,411,,,,,,,,
14885,880,,,,,,,,
12861,698,,,,,,,,
12912,1982,,,,,,,,
14721,78,,,,,,,,
12469,707,,,,,,,,
13415,41,,,,,,,,
12076,1582,,,,,,,,
12950,956,,,,,,,,
13494,361,,,,,,,,
13621,561,,,,,,,,
12997,1296,,,,,,,,
13064,26,,,,,,,,
14753,1065,,,,,,,,
12776,2123,,,,,,,,
12134,3736,,,,,,,,
13324,2331,,,,,,,,
14819,773,,,,,,,,
13860,17,,,,,,,,
13783,2199,,,,,,,,
13367,8565,,,,,,,,
12934,1066,,,,,,,,
12970,972,,,,,,,,
13690,935,,,,,,,,
13072,832,,,,,,,,
12480,594,,,,,,,,
13472,260,,,,,,,,
13633,352,,,,,,,,
13801,1169,,,,,,,,
14839,744,,,,,,,,
12410,696,,,,,,,,
12406,729,,,,,,,,
12886,244,,,,,,,,
12936,517,,,,,,,,
13488,70,,,,,,,,
13486,547,,,,,,,,
12769,82,,,,,,,,
12017,332,,,,,,,,
13782,611,,,,,,,,
12808,414,,,,,,,,
12786,292,,,,,,,,
12935,1676,,,,,,,,
13454,688,,,,,,,,
12853,1351,,,,,,,,
12131,114,,,,,,,,
12427,620,,,,,,,,
12836,670,,,,,,,,
12942,791,,,,,,,,
13635,831,,,,,,,,
13847,48,,,,,,,,
13752,729,,,,,,,,
13327,1973,,,,,,,,
12720,187,,,,,,,,
12777,757,,,,,,,,
12952,402,,,,,,,,
13489,598,,,,,,,,
13473,639,,,,,,,,
12424,246,,,,,,,,
12955,465,,,,,,,,
12857,533,,,,,,,,
12416,62,,,,,,,,
13325,942,,,,,,,,
12923,635,,,,,,,,
13740,475,,,,,,,,
12760,505,,,,,,,,
12945,476,,,,,,,,
13731,1066,,,,,,,,
10910,24,,,,,,,,
14783,350,,,,,,,,
13648,2094,,,,,,,,
14877,460,,,,,,,,
12819,316,,,,,,,,
13756,498,,,,,,,,
13639,199,,,,,,,,
13470,695,,,,,,,,
12194,155,,,,,,,,
13659,568,,,,,,,,
12870,1122,,,,,,,,
12810,654,,,,,,,,
12878,832,,,,,,,,
14884,185,,,,,,,,
11973,40,,,,,,,,
12492,348,,,,,,,,
12450,89,,,,,,,,
12032,836,,,,,,,,
13441,31,,,,,,,,
13666,361,,,,,,,,
12164,370,,,,,,,,
13360,487,,,,,,,,
13684,1116,,,,,,,,
13670,490,,,,,,,,
13672,826,,,,,,,,
12874,139,,,,,,,,
12989,957,,,,,,,,
13312,408,,,,,,,,
12843,372,,,,,,,,
12973,219,,,,,,,,
13420,1278,,,,,,,,
12441,34,,,,,,,,
12841,89,,,,,,,,
12858,56,,,,,,,,
12190,856,,,,,,,,
12842,956,,,,,,,,
13437,435,,,,,,,,
13695,78,,,,,,,,
12980,1122,,,,,,,,
13338,1032,,,,,,,,
12976,163,,,,,,,,
12969,391,,,,,,,,
12852,493,,,,,,,,
13687,543,,,,,,,,
12964,113,,,,,,,,
12108,445,,,,,,,,
12725,194,,,,,,,,
12943,207,,,,,,,,
12862,5,,,,,,,,
12812,130,,,,,,,,
12851,221,,,,,,,,
10911,2,,,,,,,,
12927,228,,,,,,,,
13331,148,,,,,,,,
13436,64,,,,,,,,
12856,66,,,,,,,,
12855,172,,,,,,,,
12139,226,,,,,,,,
12847,418,,,,,,,,
12922,36,,,,,,,,
13353,31,,,,,,,,